human_time,human_temp,human_pressure,temp,pressure,humidity,temp_min,temp_max,sea_level,grnd_level,timestamp
2017-01-25 14:30:02 MSK,-12.1,763.0,261.014,1017.35,81,261.014,261.014,1039.05,1017.35,1485343802
2017-01-25 14:34:29 MSK,-12.1,763.0,261.014,1017.35,81,261.014,261.014,1039.05,1017.35,1485344069
2017-01-25 14:44:44 MSK,-12.1,763.0,261.014,1017.35,81,261.014,261.014,1039.05,1017.35,1485344684
2017-01-25 14:52:51 MSK,-12.1,763.0,261.014,1017.35,81,261.014,261.014,1039.05,1017.35,1485345171
2017-01-25 14:54:59 MSK,-12.1,763.0,261.014,1017.35,81,261.014,261.014,1039.05,1017.35,1485345299
2017-01-25 15:08:03 MSK,-12.1,763.0,261.014,1017.35,81,261.014,261.014,1039.05,1017.35,1485346083
2017-01-25 15:15:01 MSK,-12.1,763.0,261.014,1017.35,81,261.014,261.014,1039.05,1017.35,1485346501
2017-01-25 15:17:08 MSK,-12.1,763.0,261.014,1017.35,81,261.014,261.014,1039.05,1017.35,1485346628
2017-01-25 15:27:21 MSK,-12.1,763.0,261.014,1017.35,81,261.014,261.014,1039.05,1017.35,1485347241
2017-01-25 15:37:59 MSK,-12.1,763.0,261.014,1017.35,81,261.014,261.014,1039.05,1017.35,1485347879
2017-01-25 15:39:59 MSK,-12.1,763.0,261.014,1017.35,81,261.014,261.014,1039.05,1017.35,1485347999
2017-01-25 15:43:27 MSK,-12.1,763.0,261.014,1017.35,81,261.014,261.014,1039.05,1017.35,1485348207
2017-01-25 15:49:03 MSK,-12.1,763.0,261.014,1017.35,81,261.014,261.014,1039.05,1017.35,1485348543
2017-01-25 15:51:01 MSK,-12.1,763.0,261.014,1017.35,81,261.014,261.014,1039.05,1017.35,1485348661
2017-01-25 15:53:58 MSK,-12.1,763.0,261.014,1017.35,81,261.014,261.014,1039.05,1017.35,1485348838
2017-01-25 15:59:07 MSK,-12.1,763.0,261.014,1017.35,81,261.014,261.014,1039.05,1017.35,1485349147
2017-01-25 16:01:35 MSK,-12.1,763.0,261.014,1017.35,81,261.014,261.014,1039.05,1017.35,1485349295
2017-01-25 16:11:41 MSK,-12.1,763.0,261.014,1017.35,81,261.014,261.014,1039.05,1017.35,1485349901
2017-01-25 16:14:14 MSK,-12.1,763.0,261.014,1017.35,81,261.014,261.014,1039.05,1017.35,1485350054
2017-01-25 16:21:49 MSK,-12.1,763.0,261.014,1017.35,81,261.014,261.014,1039.05,1017.35,1485350509
2017-01-25 16:31:54 MSK,-13.4,765.0,259.725,1019.82,75,259.725,259.725,1041.68,1019.82,1485351114
2017-01-25 16:41:59 MSK,-13.4,765.0,259.725,1019.82,75,259.725,259.725,1041.68,1019.82,1485351719
2017-01-25 16:53:58 MSK,-13.4,765.0,259.725,1019.82,75,259.725,259.725,1041.68,1019.82,1485352438
2017-01-25 16:55:14 MSK,-13.4,765.0,259.725,1019.82,75,259.725,259.725,1041.68,1019.82,1485352514
2017-01-25 16:59:55 MSK,-13.4,765.0,259.725,1019.82,75,259.725,259.725,1041.68,1019.82,1485352795
2017-01-25 17:04:02 MSK,-13.4,765.0,259.725,1019.82,75,259.725,259.725,1041.68,1019.82,1485353042
2017-01-25 17:05:19 MSK,-13.4,765.0,259.725,1019.82,75,259.725,259.725,1041.68,1019.82,1485353119
2017-01-25 17:15:14 MSK,-13.4,765.0,259.725,1019.82,75,259.725,259.725,1041.68,1019.82,1485353714
2017-01-25 17:17:10 MSK,-13.4,765.0,259.725,1019.82,75,259.725,259.725,1041.68,1019.82,1485353830
2017-01-25 17:26:51 MSK,-13.4,765.0,259.725,1019.82,75,259.725,259.725,1041.68,1019.82,1485354411
2017-01-25 17:30:56 MSK,-13.8,765.0,259.344,1019.79,78,259.344,259.344,1041.58,1019.79,1485354656
2017-01-25 17:37:19 MSK,-13.8,765.0,259.344,1019.79,78,259.344,259.344,1041.58,1019.79,1485355039
2017-01-25 17:46:10 MSK,-13.8,765.0,259.344,1019.79,78,259.344,259.344,1041.58,1019.79,1485355570
2017-01-25 17:49:08 MSK,-13.8,765.0,259.344,1019.79,78,259.344,259.344,1041.58,1019.79,1485355748
2017-01-25 17:59:27 MSK,-13.8,765.0,259.344,1019.79,78,259.344,259.344,1041.58,1019.79,1485356367
2017-01-25 18:01:18 MSK,-13.8,765.0,259.344,1019.79,78,259.344,259.344,1041.58,1019.79,1485356478
2017-01-25 18:08:59 MSK,-13.8,765.0,259.344,1019.79,78,259.344,259.344,1041.58,1019.79,1485356939
2017-01-25 18:09:56 MSK,-13.8,765.0,259.344,1019.79,78,259.344,259.344,1041.58,1019.79,1485356996
2017-01-25 18:11:27 MSK,-13.8,765.0,259.344,1019.79,78,259.344,259.344,1041.58,1019.79,1485357087
2017-01-25 18:19:13 MSK,-13.8,765.0,259.344,1019.79,78,259.344,259.344,1041.58,1019.79,1485357553
2017-01-25 18:29:44 MSK,-13.8,765.0,259.344,1019.79,78,259.344,259.344,1041.58,1019.79,1485358184
2017-01-25 18:30:00 MSK,-13.0,770.0,260.15,1027.0,77,259.15,261.15,NA,NA,1485358200
2017-01-25 18:44:01 MSK,-13.8,765.0,259.344,1019.79,78,259.344,259.344,1041.58,1019.79,1485359041
2017-01-25 19:00:00 MSK,-13.7,770.0,259.41,1027.0,84,258.15,260.15,NA,NA,1485360000
2017-01-25 19:30:00 MSK,-14.0,770.0,259.15,1027.0,77,258.15,260.15,NA,NA,1485361800
2017-01-25 20:00:00 MSK,-14.2,771.0,258.9,1028.0,77,258.15,260.15,NA,NA,1485363600
2017-01-25 20:30:00 MSK,-14.8,771.0,258.4,1028.0,84,257.15,260.15,NA,NA,1485365400
2017-01-25 21:00:00 MSK,-15.2,771.0,257.9,1028.0,77,257.15,259.15,NA,NA,1485367200
2017-01-25 21:30:00 MSK,-16.0,772.0,257.15,1029.0,84,256.15,258.15,NA,NA,1485369000
2017-01-25 22:00:00 MSK,-16.2,772.0,256.9,1029.0,84,256.15,258.15,NA,NA,1485370800
2017-01-25 22:30:00 MSK,-17.0,772.0,256.15,1029.0,91,255.15,257.15,NA,NA,1485372600
2017-01-25 23:00:00 MSK,-17.0,773.0,256.15,1030.0,84,255.15,258.15,NA,NA,1485374400
2017-01-25 23:30:00 MSK,-16.7,773.0,256.43,1030.0,84,255.15,258.15,NA,NA,1485376200
2017-01-25 23:30:00 MSK,-16.7,773.0,256.44,1030.0,84,255.15,258.15,NA,NA,1485376200
2017-01-26 00:00:00 MSK,-17.2,773.0,255.99,1030.0,84,255.15,258.15,NA,NA,1485378000
2017-01-26 00:00:00 MSK,-17.1,773.0,256.0,1030.0,84,255.15,258.15,NA,NA,1485378000
2017-01-26 00:30:00 MSK,-18.0,773.0,255.15,1030.0,84,255.15,255.15,NA,NA,1485379800
2017-01-26 01:00:00 MSK,-18.0,773.0,255.15,1030.0,84,255.15,255.15,NA,NA,1485381600
2017-01-26 01:30:00 MSK,-18.7,773.0,254.49,1030.0,84,254.15,255.15,NA,NA,1485383400
2017-01-26 02:00:00 MSK,-19.0,773.0,254.15,1030.0,84,254.15,254.15,NA,NA,1485385200
2017-01-26 02:30:00 MSK,-19.0,773.0,254.15,1030.0,84,254.15,254.15,NA,NA,1485387000
2017-01-26 03:00:00 MSK,-19.3,773.0,253.82,1031.0,83,253.15,254.15,NA,NA,1485388800
2017-01-26 03:30:00 MSK,-20.3,773.0,252.83,1030.0,83,252.15,254.15,NA,NA,1485390600
2017-01-26 04:00:00 MSK,-20.3,773.0,252.81,1031.0,83,252.15,254.15,NA,NA,1485392400
2017-01-26 04:00:00 MSK,-20.0,773.0,253.16,1031.0,83,252.15,254.15,NA,NA,1485392400
2017-01-26 04:30:00 MSK,-21.0,773.0,252.15,1031.0,83,252.15,252.15,NA,NA,1485394200
2017-01-26 05:00:00 MSK,-21.3,773.0,251.81,1031.0,83,251.15,252.15,NA,NA,1485396000
2017-01-26 05:30:00 MSK,-21.0,773.0,252.15,1030.0,83,252.15,252.15,NA,NA,1485397800
2017-01-26 06:00:00 MSK,-21.3,773.0,251.82,1030.0,83,251.15,252.15,NA,NA,1485399600
2017-01-26 06:30:00 MSK,-21.7,773.0,251.4,1030.0,83,251.15,252.15,NA,NA,1485401400
2017-01-26 07:00:00 MSK,-22.0,773.0,251.15,1030.0,91,250.15,252.15,NA,NA,1485403200
2017-01-26 07:30:00 MSK,-22.5,773.0,250.65,1030.0,83,249.15,252.15,NA,NA,1485405000
2017-01-26 08:00:00 MSK,-22.2,773.0,250.9,1030.0,83,250.15,252.15,NA,NA,1485406800
2017-01-26 08:00:00 MSK,-22.3,773.0,250.89,1030.0,83,250.15,252.15,NA,NA,1485406800
2017-01-26 08:30:00 MSK,-23.2,773.0,249.9,1030.0,83,249.15,251.15,NA,NA,1485408600
2017-01-26 08:30:00 MSK,-23.3,773.0,249.89,1030.0,83,249.15,251.15,NA,NA,1485408600
2017-01-26 09:30:00 MSK,-21.7,773.0,251.4,1030.0,76,251.15,252.15,NA,NA,1485412200
2017-01-26 09:30:00 MSK,-21.5,772.0,251.65,1029.0,83,251.15,252.15,NA,NA,1485412200
2017-01-26 10:00:00 MSK,-21.8,772.0,251.39,1029.0,83,250.15,253.15,NA,NA,1485414000
2017-01-26 10:30:00 MSK,-20.5,772.0,252.64,1029.0,76,251.15,254.15,NA,NA,1485415800
2017-01-26 11:00:00 MSK,-19.0,772.0,254.16,1029.0,77,253.15,255.15,NA,NA,1485417600
2017-01-26 11:30:00 MSK,-18.2,771.0,254.9,1028.0,77,254.15,256.15,NA,NA,1485419400
2017-01-26 12:00:00 MSK,-17.5,771.0,255.65,1028.0,77,255.15,256.15,NA,NA,1485421200
2017-01-26 12:30:00 MSK,-16.2,770.0,256.9,1027.0,77,256.15,257.15,NA,NA,1485423000
2017-01-26 12:30:00 MSK,-16.3,770.0,256.89,1027.0,77,256.15,257.15,NA,NA,1485423000
2017-01-26 13:00:00 MSK,-15.0,770.0,258.15,1026.0,71,257.15,259.15,NA,NA,1485424800
2017-01-26 13:30:00 MSK,-14.3,770.0,258.87,1026.0,71,257.15,260.15,NA,NA,1485426600
2017-01-26 14:00:00 MSK,-14.1,769.0,259.07,1025.0,65,257.15,260.15,NA,NA,1485428400
2017-01-26 14:00:00 MSK,-13.3,769.0,259.82,1025.0,65,259.15,260.15,NA,NA,1485428400
2017-01-26 14:30:00 MSK,-13.0,768.0,260.15,1024.0,65,260.15,260.15,NA,NA,1485430200
2017-01-26 15:00:00 MSK,-12.5,768.0,260.65,1024.0,60,260.15,261.15,NA,NA,1485432000
2017-01-26 15:30:00 MSK,-12.2,767.0,260.9,1023.0,71,260.15,261.15,NA,NA,1485433800
2017-01-26 16:00:00 MSK,-12.2,767.0,260.9,1022.0,71,260.15,261.15,NA,NA,1485435600
2017-01-26 16:30:00 MSK,-12.0,767.0,261.15,1022.0,66,261.15,261.15,NA,NA,1485437400
2017-01-26 17:00:00 MSK,-11.8,767.0,261.4,1022.0,66,261.15,262.15,NA,NA,1485439200
2017-01-26 17:30:00 MSK,-11.8,766.0,261.4,1021.0,66,261.15,262.15,NA,NA,1485441000
2017-01-26 17:30:00 MSK,-11.7,766.0,261.41,1021.0,66,261.15,262.15,NA,NA,1485441000
2017-01-26 18:00:00 MSK,-11.8,765.0,261.4,1020.0,72,261.15,262.15,NA,NA,1485442800
2017-01-26 18:30:00 MSK,-11.8,764.0,261.4,1019.0,85,261.15,262.15,NA,NA,1485444600
2017-01-26 19:00:00 MSK,-12.0,764.0,261.16,1019.0,85,260.15,262.15,NA,NA,1485446400
2017-01-26 19:30:00 MSK,-12.5,764.0,260.65,1018.0,92,260.15,261.15,NA,NA,1485448200
2017-01-26 20:00:00 MSK,-12.0,762.0,261.15,1016.0,92,261.15,261.15,NA,NA,1485450000
2017-01-26 20:30:00 MSK,-11.8,761.0,261.4,1015.0,85,261.15,262.15,NA,NA,1485451800
2017-01-26 21:00:00 MSK,-11.8,761.0,261.4,1015.0,85,261.15,262.15,NA,NA,1485453600
2017-01-26 21:30:00 MSK,-11.2,761.0,261.9,1015.0,92,261.15,262.15,NA,NA,1485455400
2017-01-26 21:30:00 MSK,-11.3,761.0,261.89,1015.0,92,261.15,262.15,NA,NA,1485455400
2017-01-26 22:00:00 MSK,-10.8,761.0,262.4,1014.0,85,262.15,263.15,NA,NA,1485457200
2017-01-26 22:30:00 MSK,-10.5,761.0,262.64,1014.0,85,262.15,263.15,NA,NA,1485459000
2017-01-26 23:00:00 MSK,-10.0,761.0,263.15,1014.0,92,263.15,263.15,NA,NA,1485460800
2017-01-26 23:30:00 MSK,-10.0,761.0,263.15,1014.0,92,263.15,263.15,NA,NA,1485462600
2017-01-27 00:00:00 MSK,-10.0,761.0,263.15,1014.0,92,263.15,263.15,NA,NA,1485464400
2017-01-27 00:30:00 MSK,-10.0,760.0,263.15,1013.0,92,263.15,263.15,NA,NA,1485466200
2017-01-27 01:00:00 MSK,-10.0,760.0,263.15,1013.0,100,263.15,263.15,NA,NA,1485468000
2017-01-27 01:30:00 MSK,-9.7,760.0,263.48,1013.0,92,263.15,264.15,NA,NA,1485469800
2017-01-27 02:00:00 MSK,-9.7,760.0,263.48,1013.0,92,263.15,264.15,NA,NA,1485471600
2017-01-27 02:30:00 MSK,-9.0,760.0,264.15,1013.0,100,264.15,264.15,NA,NA,1485473400
2017-01-27 03:00:00 MSK,-8.7,760.0,264.48,1013.0,92,264.15,265.15,NA,NA,1485475200
2017-01-27 03:30:00 MSK,-8.7,760.0,264.48,1013.0,92,264.15,265.15,NA,NA,1485477000
2017-01-27 04:00:00 MSK,-8.7,760.0,264.48,1013.0,92,264.15,265.15,NA,NA,1485478800
2017-01-27 04:30:00 MSK,-8.7,760.0,264.48,1013.0,92,264.15,265.15,NA,NA,1485480600
2017-01-27 05:30:00 MSK,-8.0,761.0,265.15,1014.0,100,265.15,265.15,NA,NA,1485484200
2017-01-27 06:00:00 MSK,-8.0,761.0,265.15,1014.0,100,265.15,265.15,NA,NA,1485486000
2017-01-27 06:30:00 MSK,-7.7,761.0,265.48,1014.0,92,265.15,266.15,NA,NA,1485487800
2017-01-27 07:00:00 MSK,-7.8,761.0,265.4,1014.0,92,265.15,266.15,NA,NA,1485489600
2017-01-27 07:30:00 MSK,-7.2,761.0,265.9,1015.0,100,265.15,266.15,NA,NA,1485491400
2017-01-27 08:30:00 MSK,-7.0,762.0,266.15,1016.0,92,266.15,266.15,NA,NA,1485495000
2017-01-27 08:30:00 MSK,-7.0,761.0,266.15,1015.0,100,266.15,266.15,NA,NA,1485495000
2017-01-27 09:00:00 MSK,-7.0,762.0,266.15,1016.0,100,266.15,266.15,NA,NA,1485496800
2017-01-30 12:30:00 MSK,-9.5,773.0,263.64,1030.0,67,263.15,265.15,NA,NA,1485768600
2017-01-30 12:30:00 MSK,-9.5,773.0,263.63,1030.0,67,263.15,265.15,NA,NA,1485768600
2017-01-30 13:00:00 MSK,-8.8,773.0,264.4,1030.0,67,264.15,265.15,NA,NA,1485770400
2017-01-30 13:30:00 MSK,-8.2,773.0,264.9,1030.0,62,264.15,266.15,NA,NA,1485772200
2017-01-30 13:30:00 MSK,-8.3,773.0,264.89,1030.0,62,264.15,266.15,NA,NA,1485772200
2017-01-30 14:00:00 MSK,-7.8,772.0,265.4,1029.0,62,265.15,266.15,NA,NA,1485774000
2017-01-30 14:30:00 MSK,-7.8,772.0,265.4,1029.0,62,265.15,266.15,NA,NA,1485775800
2017-01-30 15:00:00 MSK,-7.8,772.0,265.39,1029.0,62,264.15,267.15,NA,NA,1485777600
2017-01-30 15:30:00 MSK,-7.8,772.0,265.39,1029.0,57,264.15,267.15,NA,NA,1485779400
2017-01-30 16:00:00 MSK,-8.0,772.0,265.14,1029.0,62,264.15,266.15,NA,NA,1485781200
2017-01-30 16:30:00 MSK,-8.3,771.0,264.89,1028.0,62,264.15,266.15,NA,NA,1485783000
2017-01-30 17:00:00 MSK,-9.0,771.0,264.15,1028.0,61,263.15,265.15,NA,NA,1485784800
2017-01-30 17:30:00 MSK,-9.3,771.0,263.89,1028.0,61,263.15,265.15,NA,NA,1485786600
2017-01-30 17:30:00 MSK,-9.2,771.0,263.9,1028.0,61,263.15,265.15,NA,NA,1485786600
2017-01-30 18:00:00 MSK,-10.0,771.0,263.14,1028.0,66,262.15,264.15,NA,NA,1485788400
2017-01-30 18:30:00 MSK,-10.5,771.0,262.65,1028.0,66,262.15,263.15,NA,NA,1485790200
2017-01-30 19:00:00 MSK,-10.2,771.0,262.9,1028.0,66,262.15,263.15,NA,NA,1485792000
2017-01-30 19:30:00 MSK,-10.8,771.0,262.4,1028.0,66,262.15,263.15,NA,NA,1485793800
2017-01-30 20:00:00 MSK,-11.0,771.0,262.15,1028.0,66,261.15,263.15,NA,NA,1485795600
2017-01-30 20:30:00 MSK,-11.2,771.0,261.9,1028.0,72,261.15,262.15,NA,NA,1485797400
2017-01-30 21:00:00 MSK,-11.2,771.0,261.9,1028.0,72,261.15,262.15,NA,NA,1485799200
2017-01-30 21:30:00 MSK,-11.2,770.0,261.9,1027.0,72,261.15,262.15,NA,NA,1485801000
2017-01-30 22:00:00 MSK,-11.5,770.0,261.65,1027.0,66,260.15,262.15,NA,NA,1485802800
2017-01-30 22:30:00 MSK,-11.5,770.0,261.65,1027.0,72,261.15,262.15,NA,NA,1485804600
2017-01-30 23:00:00 MSK,-11.5,770.0,261.64,1027.0,72,261.15,262.15,NA,NA,1485806400
2017-01-30 23:30:00 MSK,-12.0,770.0,261.15,1027.0,72,261.15,261.15,NA,NA,1485808200
2017-01-31 00:00:00 MSK,-11.7,770.0,261.48,1027.0,66,261.15,262.15,NA,NA,1485810000
2017-01-31 00:30:00 MSK,-11.7,770.0,261.48,1027.0,66,261.15,262.15,NA,NA,1485811800
2017-01-31 01:00:00 MSK,-12.3,770.0,260.82,1027.0,72,260.15,261.15,NA,NA,1485813600
2017-01-31 01:30:00 MSK,-12.7,770.0,260.48,1027.0,78,260.15,261.15,NA,NA,1485815400
2017-01-31 02:00:00 MSK,-12.7,770.0,260.48,1026.0,78,260.15,261.15,NA,NA,1485817200
2017-01-31 02:30:00 MSK,-12.7,770.0,260.48,1026.0,78,260.15,261.15,NA,NA,1485819000
2017-01-31 03:00:00 MSK,-13.0,770.0,260.15,1026.0,78,259.15,261.15,NA,NA,1485820800
2017-01-31 03:30:00 MSK,-13.0,769.0,260.15,1025.0,78,259.15,261.15,NA,NA,1485822600
2017-01-31 04:00:00 MSK,-12.7,769.0,260.48,1025.0,78,260.15,261.15,NA,NA,1485824400
2017-01-31 04:30:00 MSK,-13.0,769.0,260.14,1025.0,78,259.15,261.15,NA,NA,1485826200
2017-01-31 05:00:00 MSK,-13.0,769.0,260.14,1025.0,78,259.15,261.15,NA,NA,1485828000
2017-01-31 05:30:00 MSK,-12.8,769.0,260.4,1025.0,78,260.15,261.15,NA,NA,1485829800
2017-01-31 06:00:00 MSK,-12.5,769.0,260.65,1025.0,78,260.15,261.15,NA,NA,1485831600
2017-01-31 06:30:00 MSK,-12.0,768.0,261.15,1024.0,78,261.15,261.15,NA,NA,1485833400
2017-01-31 07:00:00 MSK,-12.0,768.0,261.15,1024.0,85,261.15,261.15,NA,NA,1485835200
2017-01-31 07:30:00 MSK,-12.0,768.0,261.14,1024.0,78,260.15,262.15,NA,NA,1485837000
2017-01-31 08:00:00 MSK,-11.8,768.0,261.4,1024.0,78,261.15,262.15,NA,NA,1485838800
2017-01-31 08:30:00 MSK,-11.8,768.0,261.4,1024.0,78,261.15,262.15,NA,NA,1485840600
2017-01-31 09:00:00 MSK,-11.8,768.0,261.4,1024.0,85,261.15,262.15,NA,NA,1485842400
2017-01-31 09:30:00 MSK,-11.8,768.0,261.4,1024.0,85,261.15,262.15,NA,NA,1485844200
2017-01-31 10:00:00 MSK,-11.2,768.0,261.9,1024.0,85,261.15,262.15,NA,NA,1485846000
2017-01-31 10:30:00 MSK,-11.0,768.0,262.15,1024.0,85,262.15,262.15,NA,NA,1485847800
2017-01-31 11:00:00 MSK,-10.8,768.0,262.4,1024.0,85,262.15,263.15,NA,NA,1485849600
2017-01-31 11:30:00 MSK,-10.5,768.0,262.65,1024.0,85,262.15,263.15,NA,NA,1485851400
2017-01-31 12:00:00 MSK,-10.0,768.0,263.15,1024.0,85,263.15,263.15,NA,NA,1485853200
2017-01-31 12:30:00 MSK,-9.8,767.0,263.4,1023.0,78,263.15,264.15,NA,NA,1485855000
2017-01-31 13:00:00 MSK,-9.8,767.0,263.4,1023.0,85,263.15,264.15,NA,NA,1485856800
2017-01-31 13:30:00 MSK,-9.2,767.0,263.9,1023.0,85,263.15,264.15,NA,NA,1485858600
2017-01-31 14:00:00 MSK,-8.8,767.0,264.4,1022.0,78,264.15,265.15,NA,NA,1485860400
2017-01-31 14:30:00 MSK,-8.8,767.0,264.4,1022.0,78,264.15,265.15,NA,NA,1485862200
2017-01-31 15:00:00 MSK,-8.8,767.0,264.4,1022.0,85,264.15,265.15,NA,NA,1485864000
2017-01-31 15:30:00 MSK,-8.2,767.0,264.9,1022.0,85,264.15,265.15,NA,NA,1485865800
2017-01-31 16:00:00 MSK,-8.2,767.0,264.9,1022.0,85,264.15,265.15,NA,NA,1485867600
2017-01-31 16:30:00 MSK,-8.2,767.0,264.9,1022.0,85,264.15,265.15,NA,NA,1485869400
2017-01-31 17:00:00 MSK,-8.5,767.0,264.65,1022.0,85,264.15,265.15,NA,NA,1485871200
2017-01-31 17:30:00 MSK,-8.8,767.0,264.4,1022.0,85,264.15,265.15,NA,NA,1485873000
2017-01-31 18:00:00 MSK,-8.8,766.0,264.4,1021.0,85,264.15,265.15,NA,NA,1485874800
2017-01-31 18:30:00 MSK,-8.8,767.0,264.4,1022.0,85,264.15,265.15,NA,NA,1485876600
2017-01-31 19:00:00 MSK,-8.8,766.0,264.4,1021.0,85,264.15,265.15,NA,NA,1485878400
2017-01-31 19:30:00 MSK,-8.8,766.0,264.4,1021.0,85,264.15,265.15,NA,NA,1485880200
2017-01-31 20:00:00 MSK,-8.8,766.0,264.4,1021.0,85,264.15,265.15,NA,NA,1485882000
2017-01-31 20:30:00 MSK,-8.8,766.0,264.4,1021.0,85,264.15,265.15,NA,NA,1485883800
2017-01-31 21:00:00 MSK,-8.8,766.0,264.4,1021.0,85,264.15,265.15,NA,NA,1485885600
2017-01-31 21:30:00 MSK,-8.8,765.0,264.4,1020.0,92,264.15,265.15,NA,NA,1485887400
2017-01-31 22:00:00 MSK,-8.8,765.0,264.4,1020.0,92,264.15,265.15,NA,NA,1485889200
2017-01-31 22:30:00 MSK,-8.5,765.0,264.65,1020.0,85,264.15,266.15,NA,NA,1485891000
2017-01-31 23:00:00 MSK,-8.0,765.0,265.14,1020.0,85,264.15,266.15,NA,NA,1485892800
2017-01-31 23:30:00 MSK,-8.0,765.0,265.14,1020.0,85,264.15,266.15,NA,NA,1485894600
2017-02-01 00:00:00 MSK,-8.0,764.0,265.15,1019.0,100,265.15,265.15,NA,NA,1485896400
2017-02-01 00:30:00 MSK,-7.8,764.0,265.4,1019.0,92,265.15,266.15,NA,NA,1485898200
2017-02-01 01:00:00 MSK,-7.8,764.0,265.39,1019.0,92,265.15,266.15,NA,NA,1485900000
2017-02-01 01:30:00 MSK,-7.8,764.0,265.39,1019.0,92,265.15,266.15,NA,NA,1485901800
2017-02-01 02:00:00 MSK,-7.7,764.0,265.48,1019.0,92,265.15,266.15,NA,NA,1485903600
2017-02-01 02:30:00 MSK,-7.7,764.0,265.48,1019.0,92,265.15,266.15,NA,NA,1485905400
2017-02-01 03:00:00 MSK,-7.7,764.0,265.48,1018.0,92,265.15,266.15,NA,NA,1485907200
2017-02-01 03:30:00 MSK,-7.7,764.0,265.48,1018.0,92,265.15,266.15,NA,NA,1485909000
2017-02-01 04:00:00 MSK,-7.3,764.0,265.82,1018.0,92,265.15,266.15,NA,NA,1485910800
2017-02-01 04:30:00 MSK,-6.7,764.0,266.48,1018.0,92,266.15,267.15,NA,NA,1485912600
2017-02-01 05:00:00 MSK,-6.7,764.0,266.48,1018.0,92,266.15,267.15,NA,NA,1485914400
2017-02-01 05:30:00 MSK,-6.7,763.0,266.48,1017.0,100,266.15,267.15,NA,NA,1485916200
2017-02-01 06:00:00 MSK,-6.3,763.0,266.81,1017.0,92,266.15,268.15,NA,NA,1485918000
2017-02-01 06:30:00 MSK,-6.3,763.0,266.81,1017.0,92,266.15,268.15,NA,NA,1485919800
2017-02-01 07:00:00 MSK,-6.0,764.0,267.14,1018.0,92,266.15,268.15,NA,NA,1485921600
2017-02-01 07:30:00 MSK,-5.8,764.0,267.4,1018.0,100,267.15,268.15,NA,NA,1485923400
2017-02-01 08:00:00 MSK,-5.5,764.0,267.65,1018.0,92,267.15,269.15,NA,NA,1485925200
2017-02-01 08:00:00 MSK,-5.5,764.0,267.64,1018.0,92,267.15,269.15,NA,NA,1485925200
2017-02-01 08:30:00 MSK,-5.3,764.0,267.89,1018.0,92,267.15,269.15,NA,NA,1485927000
2017-02-01 09:00:00 MSK,-5.0,764.0,268.15,1018.0,92,267.15,269.15,NA,NA,1485928800
2017-02-01 09:30:00 MSK,-4.8,764.0,268.4,1018.0,92,268.15,269.15,NA,NA,1485930600
2017-02-01 10:00:00 MSK,-4.8,764.0,268.4,1018.0,92,268.15,269.15,NA,NA,1485932400
2017-02-01 10:30:00 MSK,-4.3,764.0,268.89,1018.0,86,268.15,270.15,NA,NA,1485934200
2017-02-01 11:00:00 MSK,-3.8,764.0,269.4,1018.0,86,269.15,270.15,NA,NA,1485936000
2017-02-01 11:30:00 MSK,-3.8,764.0,269.4,1018.0,92,269.15,270.15,NA,NA,1485937800
2017-02-01 12:00:00 MSK,-3.0,764.0,270.15,1018.0,92,270.15,270.15,NA,NA,1485939600
2017-02-01 12:30:00 MSK,-2.8,764.0,270.4,1018.0,86,270.15,271.15,NA,NA,1485941400
2017-02-01 13:00:00 MSK,-2.8,764.0,270.4,1018.0,86,270.15,271.15,NA,NA,1485943200
2017-02-01 13:30:00 MSK,-2.5,764.0,270.65,1018.0,79,270.15,271.15,NA,NA,1485945000
2017-02-01 14:00:00 MSK,-2.0,764.0,271.15,1018.0,74,271.15,271.15,NA,NA,1485946800
2017-02-01 14:30:00 MSK,-2.0,763.0,271.15,1017.0,74,271.15,271.15,NA,NA,1485948600
2017-02-01 15:00:00 MSK,-2.0,763.0,271.15,1017.0,74,271.15,271.15,NA,NA,1485950400
2017-02-01 15:30:00 MSK,-2.0,763.0,271.15,1017.0,79,271.15,271.15,NA,NA,1485952200
2017-02-01 17:00:00 MSK,-2.2,764.0,270.9,1018.0,73,270.15,271.15,NA,NA,1485957600
2017-02-01 17:12:53 MSK,-6.0,760.0,267.128,1013.13,87,267.128,267.128,1034.36,1013.13,1485958373
2017-02-01 17:23:49 MSK,-6.0,760.0,267.128,1013.13,87,267.128,267.128,1034.36,1013.13,1485959029
2017-02-01 18:00:00 MSK,-2.2,764.0,270.9,1018.0,79,270.15,271.15,NA,NA,1485961200
2017-02-01 18:30:00 MSK,-2.2,764.0,270.9,1018.0,79,270.15,271.15,NA,NA,1485963000
2017-02-01 19:00:00 MSK,-2.2,764.0,270.9,1018.0,79,270.15,271.15,NA,NA,1485964800
2017-02-01 19:30:00 MSK,-2.2,764.0,270.9,1018.0,79,270.15,271.15,NA,NA,1485966600
2017-02-01 20:00:00 MSK,-2.2,764.0,270.9,1018.0,79,270.15,271.15,NA,NA,1485968400
2017-02-01 20:30:00 MSK,-2.2,764.0,270.9,1018.0,79,270.15,271.15,NA,NA,1485970200
2017-02-01 21:00:00 MSK,-2.2,764.0,270.9,1018.0,74,270.15,271.15,NA,NA,1485972000
2017-02-01 21:30:00 MSK,-2.5,764.0,270.65,1018.0,79,270.15,271.15,NA,NA,1485973800
2017-02-01 22:00:00 MSK,-2.2,764.0,270.9,1018.0,79,270.15,271.15,NA,NA,1485975600
2017-02-01 22:30:00 MSK,-2.2,764.0,270.9,1018.0,79,270.15,271.15,NA,NA,1485977400
2017-02-01 23:00:00 MSK,-2.2,764.0,270.9,1019.0,79,270.15,271.15,NA,NA,1485979200
2017-02-01 23:30:00 MSK,-2.2,764.0,270.9,1019.0,79,270.15,271.15,NA,NA,1485981000
2017-02-02 00:00:00 MSK,-2.5,764.0,270.65,1019.0,79,270.15,271.15,NA,NA,1485982800
2017-02-02 00:30:00 MSK,-2.5,765.0,270.66,1020.0,79,270.15,271.15,NA,NA,1485984600
2017-02-02 01:00:00 MSK,-2.5,765.0,270.67,1020.0,73,270.15,271.15,NA,NA,1485986400
2017-02-02 01:00:00 MSK,-2.7,765.0,270.49,1020.0,73,270.15,271.15,NA,NA,1485986400
2017-02-02 01:30:00 MSK,-3.3,765.0,269.82,1020.0,79,269.15,270.15,NA,NA,1485988200
2017-02-02 02:00:00 MSK,-3.3,765.0,269.82,1020.0,79,269.15,270.15,NA,NA,1485990000
2017-02-02 02:30:00 MSK,-4.3,766.0,268.82,1021.0,85,268.15,269.15,NA,NA,1485991800
2017-02-02 03:00:00 MSK,-4.3,766.0,268.82,1021.0,73,268.15,269.15,NA,NA,1485993600
2017-02-02 03:30:00 MSK,-5.0,767.0,268.16,1022.0,73,267.15,269.15,NA,NA,1485995400
2017-02-02 04:00:00 MSK,-5.7,767.0,267.49,1022.0,73,266.15,268.15,NA,NA,1485997200
2017-02-02 04:30:00 MSK,-6.3,767.0,266.82,1023.0,73,266.15,267.15,NA,NA,1485999000
2017-02-02 05:00:00 MSK,-7.3,767.0,265.82,1023.0,78,265.15,266.15,NA,NA,1486000800
2017-02-02 05:00:00 MSK,-7.3,767.0,265.83,1023.0,78,265.15,266.15,NA,NA,1486000800
2017-02-02 06:30:00 MSK,-8.7,768.0,264.48,1024.0,85,264.15,265.15,NA,NA,1486006200
2017-02-02 07:00:00 MSK,-9.0,768.0,264.16,1024.0,85,263.15,265.15,NA,NA,1486008000
2017-02-02 07:30:00 MSK,-9.2,768.0,263.9,1024.0,85,263.15,264.15,NA,NA,1486009800
2017-02-02 08:00:00 MSK,-10.0,768.0,263.16,1024.0,92,262.15,264.15,NA,NA,1486011600
2017-02-02 08:30:00 MSK,-10.8,769.0,262.4,1025.0,92,262.15,263.15,NA,NA,1486013400
2017-02-02 09:00:00 MSK,-10.2,769.0,262.9,1025.0,92,262.15,263.15,NA,NA,1486015200
2017-02-02 09:30:00 MSK,-10.0,769.0,263.15,1025.0,85,263.15,263.15,NA,NA,1486017000
2017-02-02 10:00:00 MSK,-10.0,770.0,263.16,1026.0,85,262.15,264.15,NA,NA,1486018800
2017-02-02 10:30:00 MSK,-9.2,770.0,263.91,1026.0,92,263.15,265.15,NA,NA,1486020600
2017-02-02 11:00:00 MSK,-8.5,770.0,264.65,1026.0,78,264.15,265.15,NA,NA,1486022400
2017-02-02 11:30:00 MSK,-8.5,770.0,264.65,1026.0,78,264.15,265.15,NA,NA,1486024200
2017-02-02 12:00:00 MSK,-7.7,770.0,265.41,1026.0,78,264.15,266.15,NA,NA,1486026000
2017-02-02 12:30:00 MSK,-7.5,770.0,265.65,1026.0,72,265.15,266.15,NA,NA,1486027800
2017-02-02 13:00:00 MSK,-7.2,770.0,265.9,1026.0,78,265.15,266.15,NA,NA,1486029600
2017-02-02 13:30:00 MSK,-7.0,770.0,266.15,1026.0,67,266.15,266.15,NA,NA,1486031400
2017-02-02 14:00:00 MSK,-6.8,770.0,266.4,1026.0,67,266.15,267.15,NA,NA,1486033200
2017-02-02 14:30:00 MSK,-6.5,770.0,266.65,1026.0,67,266.15,267.15,NA,NA,1486035000
2017-02-02 15:00:00 MSK,-7.0,770.0,266.15,1026.0,67,266.15,266.15,NA,NA,1486036800
2017-02-02 15:30:00 MSK,-6.8,770.0,266.4,1026.0,67,266.15,267.15,NA,NA,1486038600
2017-02-02 16:00:00 MSK,-6.8,770.0,266.4,1026.0,62,266.15,267.15,NA,NA,1486040400
2017-02-02 16:30:00 MSK,-7.2,770.0,265.9,1026.0,62,265.15,266.15,NA,NA,1486042200
2017-02-02 17:00:00 MSK,-8.2,770.0,264.9,1026.0,67,264.15,265.15,NA,NA,1486044000
2017-02-02 17:30:00 MSK,-8.5,770.0,264.65,1026.0,67,264.15,265.15,NA,NA,1486045800
2017-02-02 18:00:00 MSK,-9.8,770.0,263.4,1026.0,67,261.15,265.15,NA,NA,1486047600
2017-02-02 18:30:00 MSK,-10.0,770.0,263.14,1026.0,72,262.15,264.15,NA,NA,1486049400
2017-02-02 19:00:00 MSK,-10.8,770.0,262.4,1026.0,72,260.15,264.15,NA,NA,1486051200
2017-02-02 19:30:00 MSK,-11.3,770.0,261.89,1027.0,78,260.15,263.15,NA,NA,1486053000
2017-02-02 20:00:00 MSK,-12.3,770.0,260.89,1027.0,78,259.15,262.15,NA,NA,1486054800
2017-02-02 20:30:00 MSK,-12.8,770.0,260.39,1026.0,78,259.15,262.15,NA,NA,1486056600
2017-02-02 21:00:00 MSK,-13.5,770.0,259.64,1026.0,85,258.15,261.15,NA,NA,1486058400
2017-02-02 21:30:00 MSK,-14.0,770.0,259.14,1026.0,84,257.15,261.15,NA,NA,1486060200
2017-02-02 22:00:00 MSK,-14.0,770.0,259.14,1026.0,84,257.15,261.15,NA,NA,1486062000
2017-02-02 22:30:00 MSK,-14.3,770.0,258.89,1026.0,85,256.15,261.15,NA,NA,1486063800
2017-02-02 23:00:00 MSK,-14.8,770.0,258.39,1026.0,84,257.15,260.15,NA,NA,1486065600
2017-02-02 23:30:00 MSK,-15.3,770.0,257.89,1026.0,92,256.15,259.15,NA,NA,1486067400
2017-02-03 00:00:00 MSK,-14.5,770.0,258.64,1026.0,84,257.15,260.15,NA,NA,1486069200
2017-02-03 00:30:00 MSK,-14.0,770.0,259.14,1026.0,84,258.15,260.15,NA,NA,1486071000
2017-02-03 01:00:00 MSK,-14.0,770.0,259.15,1026.0,84,257.15,260.15,NA,NA,1486072800
2017-02-03 01:30:00 MSK,-14.3,770.0,258.86,1026.0,84,257.15,260.15,NA,NA,1486074600
2017-02-03 02:00:00 MSK,-14.6,770.0,258.59,1026.0,92,257.15,259.15,NA,NA,1486076400
2017-02-03 02:00:00 MSK,-14.6,770.0,258.58,1026.0,92,257.15,259.15,NA,NA,1486076400
2017-02-03 02:30:00 MSK,-13.3,770.0,259.81,1026.0,84,259.15,261.15,NA,NA,1486078200
2017-02-03 03:00:00 MSK,-14.3,770.0,258.8,1026.0,84,257.15,260.15,NA,NA,1486080000
2017-02-03 03:00:00 MSK,-14.4,770.0,258.79,1026.0,84,257.15,260.15,NA,NA,1486080000
2017-02-03 03:30:00 MSK,-15.0,769.0,258.14,1025.0,92,257.15,259.15,NA,NA,1486081800
2017-02-03 04:00:00 MSK,-15.0,769.0,258.14,1025.0,92,257.15,259.15,NA,NA,1486083600
2017-02-03 04:30:00 MSK,-14.7,769.0,258.48,1025.0,92,258.15,259.15,NA,NA,1486085400
2017-02-03 05:00:00 MSK,-14.3,769.0,258.8,1025.0,84,257.15,260.15,NA,NA,1486087200
2017-02-03 05:00:00 MSK,-14.4,769.0,258.79,1025.0,84,257.15,260.15,NA,NA,1486087200
2017-02-03 05:30:00 MSK,-14.3,769.0,258.8,1025.0,84,257.15,260.15,NA,NA,1486089000
2017-02-03 05:30:00 MSK,-14.4,769.0,258.79,1025.0,84,257.15,260.15,NA,NA,1486089000
2017-02-03 06:00:00 MSK,-13.8,769.0,259.39,1025.0,85,258.15,261.15,NA,NA,1486090800
2017-02-03 06:30:00 MSK,-12.8,769.0,260.4,1025.0,85,258.15,262.15,NA,NA,1486092600
2017-02-03 07:00:00 MSK,-12.5,768.0,260.64,1024.0,78,259.15,263.15,NA,NA,1486094400
2017-02-03 07:30:00 MSK,-12.2,768.0,260.9,1024.0,78,259.15,263.15,NA,NA,1486096200
2017-02-03 07:30:00 MSK,-12.3,768.0,260.89,1024.0,78,259.15,263.15,NA,NA,1486096200
2017-02-03 08:00:00 MSK,-11.8,768.0,261.4,1024.0,85,260.15,263.15,NA,NA,1486098000
2017-02-03 08:30:00 MSK,-11.8,768.0,261.4,1024.0,78,260.15,263.15,NA,NA,1486099800
2017-02-03 09:00:00 MSK,-12.0,768.0,261.14,1024.0,85,260.15,263.15,NA,NA,1486101600
2017-02-03 09:30:00 MSK,-11.3,768.0,261.89,1024.0,72,261.15,264.15,NA,NA,1486103400
2017-02-03 10:00:00 MSK,-11.2,768.0,261.9,1024.0,78,261.15,264.15,NA,NA,1486105200
2017-02-03 10:00:00 MSK,-11.3,768.0,261.89,1024.0,78,261.15,264.15,NA,NA,1486105200
2017-02-03 10:30:00 MSK,-10.5,767.0,262.65,1023.0,72,262.15,264.15,NA,NA,1486107000
2017-02-03 11:00:00 MSK,-10.2,767.0,262.9,1023.0,72,262.15,264.15,NA,NA,1486108800
2017-02-03 11:00:00 MSK,-10.3,767.0,262.89,1023.0,72,262.15,264.15,NA,NA,1486108800
2017-02-03 11:30:00 MSK,-9.5,767.0,263.65,1023.0,67,263.15,265.15,NA,NA,1486110600
2017-02-03 12:00:00 MSK,-8.8,767.0,264.39,1023.0,62,263.15,266.15,NA,NA,1486112400
2017-02-03 12:30:00 MSK,-8.2,767.0,264.9,1023.0,62,264.15,266.15,NA,NA,1486114200
2017-02-03 13:00:00 MSK,-7.8,767.0,265.4,1022.0,67,265.15,266.15,NA,NA,1486116000
2017-02-03 13:30:00 MSK,-6.8,767.0,266.4,1022.0,53,265.15,268.15,NA,NA,1486117800
2017-02-03 14:00:00 MSK,-6.8,767.0,266.39,1022.0,62,265.15,267.15,NA,NA,1486119600
2017-02-03 14:30:00 MSK,-7.0,767.0,266.14,1022.0,57,265.15,268.15,NA,NA,1486121400
2017-02-03 15:00:00 MSK,-7.0,766.0,266.14,1021.0,62,264.15,268.15,NA,NA,1486123200
2017-02-03 15:00:00 MSK,-7.0,766.0,266.13,1021.0,62,264.15,268.15,NA,NA,1486123200
2017-02-03 15:30:00 MSK,-7.0,766.0,266.14,1021.0,62,264.15,268.15,NA,NA,1486125000
2017-02-03 16:00:00 MSK,-7.0,766.0,266.14,1021.0,62,264.15,268.15,NA,NA,1486126800
2017-02-03 16:30:00 MSK,-7.5,765.0,265.64,1020.0,67,264.15,267.15,NA,NA,1486128600
2017-02-03 17:00:00 MSK,-8.0,765.0,265.14,1020.0,67,263.15,267.15,NA,NA,1486130400
2017-02-03 17:30:00 MSK,-8.5,765.0,264.65,1020.0,73,263.15,266.15,NA,NA,1486132200
2017-02-03 18:00:00 MSK,-9.0,765.0,264.14,1020.0,67,262.15,266.15,NA,NA,1486134000
2017-02-03 18:30:00 MSK,-9.5,765.0,263.64,1020.0,78,262.15,265.15,NA,NA,1486135800
2017-02-03 19:00:00 MSK,-9.3,765.0,263.89,1020.0,78,262.15,265.15,NA,NA,1486137600
2017-02-03 19:30:00 MSK,-9.3,765.0,263.89,1020.0,78,262.15,265.15,NA,NA,1486139400
2017-02-03 20:00:00 MSK,-9.5,765.0,263.63,1020.0,72,261.15,265.15,NA,NA,1486141200
2017-02-03 20:30:00 MSK,-9.5,765.0,263.64,1020.0,78,261.15,265.15,NA,NA,1486143000
2017-02-03 20:30:00 MSK,-9.5,765.0,263.63,1020.0,78,261.15,265.15,NA,NA,1486143000
2017-02-03 21:00:00 MSK,-9.5,765.0,263.64,1020.0,78,261.15,265.15,NA,NA,1486144800
2017-02-03 21:00:00 MSK,-9.5,765.0,263.63,1020.0,78,261.15,265.15,NA,NA,1486144800
2017-02-03 21:30:00 MSK,-9.8,765.0,263.38,1020.0,78,260.15,265.15,NA,NA,1486146600
2017-02-03 22:00:00 MSK,-9.5,765.0,263.63,1020.0,72,261.15,265.15,NA,NA,1486148400
2017-02-03 22:30:00 MSK,-9.3,765.0,263.88,1020.0,73,261.15,266.15,NA,NA,1486150200
2017-02-03 23:00:00 MSK,-9.3,764.0,263.88,1019.0,73,261.15,266.15,NA,NA,1486152000
2017-02-03 23:30:00 MSK,-9.8,764.0,263.38,1019.0,73,260.15,266.15,NA,NA,1486153800
2017-02-04 00:00:00 MSK,-10.5,764.0,262.63,1019.0,78,260.15,264.15,NA,NA,1486155600
2017-02-04 00:30:00 MSK,-10.5,764.0,262.64,1019.0,78,260.15,264.15,NA,NA,1486157400
2017-02-04 00:30:00 MSK,-10.5,764.0,262.63,1019.0,78,260.15,264.15,NA,NA,1486157400
2017-02-04 01:00:00 MSK,-10.5,764.0,262.64,1019.0,78,260.15,264.15,NA,NA,1486159200
2017-02-04 01:30:00 MSK,-10.5,764.0,262.65,1018.0,78,260.15,264.15,NA,NA,1486161000
2017-02-04 01:30:00 MSK,-10.7,764.0,262.45,1018.0,78,260.15,264.15,NA,NA,1486161000
2017-02-04 02:00:00 MSK,-11.0,764.0,262.12,1018.0,78,259.15,264.15,NA,NA,1486162800
2017-02-04 02:00:00 MSK,-11.0,764.0,262.11,1018.0,78,259.15,264.15,NA,NA,1486162800
2017-02-04 02:30:00 MSK,-11.4,764.0,261.78,1018.0,78,259.15,264.15,NA,NA,1486164600
2017-02-04 03:00:00 MSK,-11.7,764.0,261.46,1018.0,85,259.15,263.15,NA,NA,1486166400
2017-02-04 03:00:00 MSK,-11.7,764.0,261.45,1018.0,85,259.15,263.15,NA,NA,1486166400
2017-02-04 03:30:00 MSK,-11.7,764.0,261.46,1018.0,85,259.15,263.15,NA,NA,1486168200
2017-02-04 03:30:00 MSK,-11.7,764.0,261.45,1018.0,85,259.15,263.15,NA,NA,1486168200
2017-02-04 04:00:00 MSK,-11.7,764.0,261.45,1018.0,78,259.15,263.15,NA,NA,1486170000
2017-02-04 04:30:00 MSK,-12.0,764.0,261.13,1018.0,85,259.15,262.15,NA,NA,1486171800
2017-02-04 04:30:00 MSK,-12.0,764.0,261.12,1018.0,85,259.15,262.15,NA,NA,1486171800
2017-02-04 05:00:00 MSK,-12.0,764.0,261.16,1018.0,78,259.15,262.15,NA,NA,1486173600
2017-02-04 05:00:00 MSK,-12.0,764.0,261.12,1018.0,78,259.15,262.15,NA,NA,1486173600
2017-02-04 05:30:00 MSK,-12.7,763.0,260.46,1017.0,85,258.15,262.15,NA,NA,1486175400
2017-02-04 05:30:00 MSK,-12.7,763.0,260.45,1017.0,85,258.15,262.15,NA,NA,1486175400
2017-02-04 06:00:00 MSK,-12.7,763.0,260.45,1017.0,85,258.15,262.15,NA,NA,1486177200
2017-02-04 06:30:00 MSK,-12.8,763.0,260.38,1017.0,85,258.15,262.15,NA,NA,1486179000
2017-02-04 07:00:00 MSK,-13.0,763.0,260.14,1017.0,84,258.15,262.15,NA,NA,1486180800
2017-02-04 07:30:00 MSK,-13.3,763.0,259.89,1017.0,84,258.15,262.15,NA,NA,1486182600
2017-02-04 08:00:00 MSK,-13.5,763.0,259.64,1017.0,92,258.15,262.15,NA,NA,1486184400
2017-02-04 08:30:00 MSK,-13.5,763.0,259.64,1017.0,92,258.15,262.15,NA,NA,1486186200
2017-02-04 09:00:00 MSK,-13.3,763.0,259.89,1017.0,84,258.15,262.15,NA,NA,1486188000
2017-02-04 09:30:00 MSK,-13.3,763.0,259.89,1017.0,84,258.15,262.15,NA,NA,1486189800
2017-02-04 10:00:00 MSK,-13.0,763.0,260.15,1017.0,84,259.15,262.15,NA,NA,1486191600
2017-02-04 10:00:00 MSK,-13.0,763.0,260.14,1017.0,84,259.15,262.15,NA,NA,1486191600
2017-02-04 10:30:00 MSK,-12.8,763.0,260.39,1017.0,84,259.15,262.15,NA,NA,1486193400
2017-02-04 11:00:00 MSK,-12.8,763.0,260.39,1017.0,78,259.15,262.15,NA,NA,1486195200
2017-02-04 11:30:00 MSK,-12.0,762.0,261.14,1016.0,78,260.15,262.15,NA,NA,1486197000
2017-02-04 12:00:00 MSK,-12.0,762.0,261.14,1016.0,78,260.15,262.15,NA,NA,1486198800
2017-02-04 12:30:00 MSK,-11.8,762.0,261.39,1016.0,78,260.15,262.15,NA,NA,1486200600
2017-02-04 13:00:00 MSK,-11.5,762.0,261.65,1016.0,78,261.15,262.15,NA,NA,1486202400
2017-02-04 13:30:00 MSK,-11.3,762.0,261.89,1016.0,78,261.15,263.15,NA,NA,1486204200
2017-02-04 14:00:00 MSK,-11.3,761.0,261.89,1015.0,78,261.15,263.15,NA,NA,1486206000
2017-02-04 14:30:00 MSK,-11.3,761.0,261.89,1015.0,78,261.15,263.15,NA,NA,1486207800
2017-02-04 15:00:00 MSK,-10.8,761.0,262.4,1015.0,78,262.15,263.15,NA,NA,1486209600
2017-02-04 15:30:00 MSK,-11.0,761.0,262.15,1015.0,78,262.15,262.15,NA,NA,1486211400
2017-02-04 16:00:00 MSK,-11.0,761.0,262.15,1015.0,78,262.15,262.15,NA,NA,1486213200
2017-02-04 16:30:00 MSK,-11.0,761.0,262.15,1015.0,78,262.15,262.15,NA,NA,1486215000
2017-02-04 17:00:00 MSK,-11.0,761.0,262.15,1015.0,85,262.15,262.15,NA,NA,1486216800
2017-02-04 17:30:00 MSK,-11.0,761.0,262.15,1015.0,85,262.15,262.15,NA,NA,1486218600
2017-02-04 18:00:00 MSK,-11.0,761.0,262.15,1015.0,85,262.15,262.15,NA,NA,1486220400
2017-02-04 18:30:00 MSK,-10.8,761.0,262.4,1015.0,85,262.15,263.15,NA,NA,1486222200
2017-02-04 18:30:00 MSK,-10.7,761.0,262.41,1015.0,85,262.15,263.15,NA,NA,1486222200
2017-02-04 19:00:00 MSK,-10.2,761.0,262.9,1015.0,85,262.15,263.15,NA,NA,1486224000
2017-02-04 19:30:00 MSK,-10.2,761.0,262.9,1014.0,85,262.15,263.15,NA,NA,1486225800
2017-02-04 20:00:00 MSK,-10.2,761.0,262.9,1014.0,85,262.15,263.15,NA,NA,1486227600
2017-02-04 20:30:00 MSK,-10.2,761.0,262.9,1014.0,85,262.15,263.15,NA,NA,1486229400
2017-02-04 21:00:00 MSK,-10.2,761.0,262.9,1014.0,85,262.15,263.15,NA,NA,1486231200
2017-02-04 21:30:00 MSK,-10.0,761.0,263.15,1014.0,85,263.15,263.15,NA,NA,1486233000
2017-02-04 22:00:00 MSK,-10.0,761.0,263.15,1014.0,85,263.15,263.15,NA,NA,1486234800
2017-02-04 22:30:00 MSK,-10.0,761.0,263.15,1014.0,85,263.15,263.15,NA,NA,1486236600
2017-02-04 23:00:00 MSK,-10.0,761.0,263.15,1014.0,85,263.15,263.15,NA,NA,1486238400
2017-02-04 23:30:00 MSK,-10.0,760.0,263.15,1013.0,85,263.15,263.15,NA,NA,1486240200
2017-02-05 00:00:00 MSK,-10.0,760.0,263.15,1013.0,85,263.15,263.15,NA,NA,1486242000
2017-02-05 00:30:00 MSK,-10.0,760.0,263.15,1013.0,85,263.15,263.15,NA,NA,1486243800
2017-02-05 01:00:00 MSK,-10.0,760.0,263.15,1013.0,85,263.15,263.15,NA,NA,1486245600
2017-02-05 01:30:00 MSK,-10.0,760.0,263.15,1013.0,85,263.15,263.15,NA,NA,1486247400
2017-02-05 02:00:00 MSK,-10.0,760.0,263.15,1013.0,85,263.15,263.15,NA,NA,1486249200
2017-02-05 02:30:00 MSK,-10.0,760.0,263.15,1013.0,85,263.15,263.15,NA,NA,1486251000
2017-02-05 03:00:00 MSK,-10.0,760.0,263.15,1013.0,85,263.15,263.15,NA,NA,1486252800
2017-02-05 03:30:00 MSK,-10.0,760.0,263.15,1013.0,85,263.15,263.15,NA,NA,1486254600
2017-02-05 04:00:00 MSK,-10.0,760.0,263.15,1013.0,85,263.15,263.15,NA,NA,1486256400
2017-02-05 04:30:00 MSK,-10.0,760.0,263.15,1013.0,85,263.15,263.15,NA,NA,1486258200
2017-02-05 05:00:00 MSK,-10.0,760.0,263.15,1013.0,85,263.15,263.15,NA,NA,1486260000
2017-02-05 05:30:00 MSK,-10.0,760.0,263.15,1013.0,85,263.15,263.15,NA,NA,1486261800
2017-02-05 06:00:00 MSK,-10.0,760.0,263.15,1013.0,85,263.15,263.15,NA,NA,1486263600
2017-02-05 06:30:00 MSK,-10.0,760.0,263.15,1013.0,85,263.15,263.15,NA,NA,1486265400
2017-02-05 07:00:00 MSK,-10.0,760.0,263.15,1013.0,85,263.15,263.15,NA,NA,1486267200
2017-02-05 07:30:00 MSK,-10.0,761.0,263.15,1014.0,85,263.15,263.15,NA,NA,1486269000
2017-02-05 08:00:00 MSK,-10.0,761.0,263.15,1014.0,85,263.15,263.15,NA,NA,1486270800
2017-02-05 08:30:00 MSK,-10.0,761.0,263.15,1014.0,85,263.15,263.15,NA,NA,1486272600
2017-02-05 09:00:00 MSK,-10.0,761.0,263.15,1014.0,85,263.15,263.15,NA,NA,1486274400
2017-02-05 09:30:00 MSK,-10.0,761.0,263.15,1014.0,85,263.15,263.15,NA,NA,1486276200
2017-02-05 10:00:00 MSK,-10.0,761.0,263.15,1014.0,85,262.15,264.15,NA,NA,1486278000
2017-02-05 10:30:00 MSK,-10.0,761.0,263.15,1014.0,85,262.15,264.15,NA,NA,1486279800
2017-02-05 11:00:00 MSK,-9.7,761.0,263.41,1015.0,85,262.15,264.15,NA,NA,1486281600
2017-02-05 11:30:00 MSK,-9.2,761.0,263.9,1015.0,78,263.15,264.15,NA,NA,1486283400
2017-02-05 12:00:00 MSK,-9.2,761.0,263.9,1015.0,78,263.15,264.15,NA,NA,1486285200
2017-02-05 12:30:00 MSK,-9.0,761.0,264.15,1015.0,78,264.15,264.15,NA,NA,1486287000
2017-02-05 13:00:00 MSK,-8.8,761.0,264.4,1015.0,72,264.15,265.15,NA,NA,1486288800
2017-02-05 13:30:00 MSK,-8.2,761.0,264.9,1015.0,72,264.15,265.15,NA,NA,1486290600
2017-02-05 13:30:00 MSK,-8.3,761.0,264.89,1015.0,72,264.15,265.15,NA,NA,1486290600
2017-02-05 14:00:00 MSK,-8.0,761.0,265.15,1015.0,72,265.15,265.15,NA,NA,1486292400
2017-02-05 14:30:00 MSK,-7.8,761.0,265.4,1015.0,67,265.15,266.15,NA,NA,1486294200
2017-02-05 15:00:00 MSK,-7.5,761.0,265.65,1015.0,67,265.15,266.15,NA,NA,1486296000
2017-02-05 15:30:00 MSK,-7.5,762.0,265.65,1016.0,67,265.15,266.15,NA,NA,1486297800
2017-02-05 16:00:00 MSK,-7.8,762.0,265.4,1016.0,67,265.15,266.15,NA,NA,1486299600
2017-02-05 16:30:00 MSK,-8.2,762.0,264.9,1016.0,72,264.15,265.15,NA,NA,1486301400
2017-02-05 17:00:00 MSK,-8.5,763.0,264.65,1017.0,61,264.15,265.15,NA,NA,1486303200
2017-02-05 17:30:00 MSK,-8.8,763.0,264.4,1017.0,61,263.15,265.15,NA,NA,1486305000
2017-02-05 17:30:00 MSK,-8.7,763.0,264.41,1017.0,61,263.15,265.15,NA,NA,1486305000
2017-02-05 18:00:00 MSK,-9.2,763.0,263.9,1017.0,66,263.15,265.15,NA,NA,1486306800
2017-02-05 18:00:00 MSK,-9.2,763.0,263.91,1017.0,66,263.15,265.15,NA,NA,1486306800
2017-02-05 20:00:03 MSK,-16.8,760.0,256.321,1013.58,69,256.321,256.321,1035.39,1013.58,1486314003
2017-02-05 20:11:18 MSK,-16.8,760.0,256.321,1013.58,69,256.321,256.321,1035.39,1013.58,1486314678
2017-02-05 20:21:23 MSK,-16.8,760.0,256.321,1013.58,69,256.321,256.321,1035.39,1013.58,1486315283
2017-02-05 20:43:20 MSK,-16.8,760.0,256.321,1013.58,69,256.321,256.321,1035.39,1013.58,1486316600
2017-02-05 20:53:55 MSK,-16.8,760.0,256.321,1013.58,69,256.321,256.321,1035.39,1013.58,1486317235
2017-02-05 21:08:10 MSK,-16.8,760.0,256.321,1013.58,69,256.321,256.321,1035.39,1013.58,1486318090
2017-02-05 21:21:16 MSK,-16.8,760.0,256.321,1013.58,69,256.321,256.321,1035.39,1013.58,1486318876
2017-02-05 21:40:17 MSK,-16.8,760.0,256.321,1013.58,69,256.321,256.321,1035.39,1013.58,1486320017
2017-02-05 21:51:55 MSK,-16.8,760.0,256.321,1013.58,69,256.321,256.321,1035.39,1013.58,1486320715
2017-02-05 22:13:50 MSK,-16.8,760.0,256.321,1013.58,69,256.321,256.321,1035.39,1013.58,1486322030
2017-02-05 22:28:55 MSK,-16.8,760.0,256.321,1013.58,69,256.321,256.321,1035.39,1013.58,1486322935
2017-02-05 22:30:00 MSK,-11.7,765.0,261.47,1020.0,55,260.15,263.15,NA,NA,1486323000
2017-02-05 22:30:00 MSK,-11.7,765.0,261.46,1020.0,55,260.15,263.15,NA,NA,1486323000
2017-02-05 22:39:55 MSK,-18.4,762.0,254.727,1015.33,79,254.727,254.727,1037.22,1015.33,1486323595
2017-02-05 23:30:00 MSK,-12.7,766.0,260.48,1021.0,60,260.15,261.15,NA,NA,1486326600
2017-02-06 00:00:00 MSK,-13.0,766.0,260.14,1021.0,65,259.15,262.15,NA,NA,1486328400
2017-02-06 01:00:00 MSK,-14.7,767.0,258.48,1022.0,71,258.15,259.15,NA,NA,1486332000
2017-02-06 02:00:00 MSK,-14.7,767.0,258.48,1023.0,77,258.15,259.15,NA,NA,1486335600
2017-02-06 02:30:00 MSK,-15.0,767.0,258.15,1023.0,77,258.15,258.15,NA,NA,1486337400
2017-02-06 03:00:00 MSK,-15.3,768.0,257.81,1024.0,84,257.15,258.15,NA,NA,1486339200
2017-02-06 03:30:00 MSK,-15.0,768.0,258.14,1024.0,91,257.15,260.15,NA,NA,1486341000
2017-02-06 04:00:00 MSK,-14.9,768.0,258.22,1024.0,91,257.15,260.15,NA,NA,1486342800
2017-02-06 04:00:00 MSK,-15.3,768.0,257.81,1024.0,91,257.15,259.15,NA,NA,1486342800
2017-02-06 04:30:00 MSK,-15.5,768.0,257.64,1024.0,91,256.15,259.15,NA,NA,1486344600
2017-02-06 05:00:00 MSK,-15.8,769.0,257.39,1025.0,84,256.15,258.15,NA,NA,1486346400
2017-02-06 05:30:00 MSK,-16.0,769.0,257.15,1025.0,84,256.15,259.15,NA,NA,1486348200
2017-02-06 06:00:00 MSK,-15.5,770.0,257.64,1026.0,84,256.15,259.15,NA,NA,1486350000
2017-02-06 06:30:00 MSK,-15.3,770.0,257.89,1026.0,84,256.15,259.15,NA,NA,1486351800
2017-02-06 07:00:00 MSK,-15.5,770.0,257.64,1026.0,84,255.15,259.15,NA,NA,1486353600
2017-02-06 07:00:00 MSK,-15.5,770.0,257.63,1026.0,84,255.15,259.15,NA,NA,1486353600
2017-02-06 07:30:00 MSK,-15.5,770.0,257.64,1027.0,84,255.15,259.15,NA,NA,1486355400
2017-02-06 08:00:00 MSK,-15.0,770.0,258.15,1027.0,84,257.15,259.15,NA,NA,1486357200
2017-02-06 08:30:00 MSK,-14.8,771.0,258.4,1028.0,84,257.15,259.15,NA,NA,1486359000
2017-02-06 09:00:00 MSK,-15.0,771.0,258.15,1028.0,84,256.15,259.15,NA,NA,1486360800
2017-02-06 09:30:00 MSK,-15.0,771.0,258.15,1028.0,84,256.15,259.15,NA,NA,1486362600
2017-02-06 10:00:00 MSK,-15.2,772.0,257.9,1029.0,77,256.15,259.15,NA,NA,1486364400
2017-02-06 11:00:00 MSK,-15.8,772.0,257.39,1029.0,77,255.15,258.15,NA,NA,1486368000
2017-02-06 11:00:00 MSK,-15.5,772.0,257.65,1029.0,77,256.15,258.15,NA,NA,1486368000
2017-02-06 11:30:00 MSK,-15.5,772.0,257.65,1029.0,77,256.15,258.15,NA,NA,1486369800
2017-02-06 12:00:00 MSK,-15.0,772.0,258.15,1029.0,77,257.15,259.15,NA,NA,1486371600
2017-02-06 12:30:00 MSK,-14.5,773.0,258.65,1030.0,71,258.15,260.15,NA,NA,1486373400
2017-02-06 13:00:00 MSK,-14.0,773.0,259.15,1030.0,71,258.15,260.15,NA,NA,1486375200
2017-02-06 13:30:00 MSK,-14.0,773.0,259.15,1030.0,71,258.15,260.15,NA,NA,1486377000
2017-02-06 14:00:00 MSK,-13.2,773.0,259.9,1030.0,65,259.15,261.15,NA,NA,1486378800
2017-02-06 14:30:00 MSK,-13.0,773.0,260.15,1030.0,65,259.15,261.15,NA,NA,1486380600
2017-02-06 15:00:00 MSK,-13.0,773.0,260.15,1031.0,65,259.15,261.15,NA,NA,1486382400
2017-02-06 15:30:00 MSK,-13.0,773.0,260.15,1031.0,65,259.15,261.15,NA,NA,1486384200
2017-02-06 16:00:00 MSK,-13.0,773.0,260.16,1031.0,65,258.15,261.15,NA,NA,1486386000
2017-02-06 16:30:00 MSK,-13.5,773.0,259.65,1031.0,65,258.15,260.15,NA,NA,1486387800
2017-02-06 17:00:00 MSK,-14.0,773.0,259.15,1031.0,65,258.15,260.15,NA,NA,1486389600
2017-02-06 17:30:00 MSK,-14.7,773.0,258.41,1031.0,65,257.15,259.15,NA,NA,1486391400
2017-02-06 18:00:00 MSK,-15.5,774.0,257.65,1032.0,65,257.15,258.15,NA,NA,1486393200
2017-02-06 18:30:00 MSK,-16.0,774.0,257.15,1032.0,70,256.15,258.15,NA,NA,1486395000
2017-02-06 18:30:00 MSK,-16.0,774.0,257.14,1032.0,70,256.15,258.15,NA,NA,1486395000
2017-02-06 19:00:00 MSK,-16.0,774.0,257.16,1032.0,70,256.15,258.15,NA,NA,1486396800
2017-02-06 19:30:00 MSK,-17.0,774.0,256.14,1032.0,70,255.15,257.15,NA,NA,1486398600
2017-02-06 20:00:00 MSK,-17.2,774.0,255.9,1032.0,77,255.15,256.15,NA,NA,1486400400
2017-02-06 20:30:00 MSK,-17.7,775.0,255.4,1033.0,70,255.15,256.15,NA,NA,1486402200
2017-02-06 21:00:00 MSK,-17.7,775.0,255.4,1033.0,70,254.15,256.15,NA,NA,1486404000
2017-02-06 21:30:00 MSK,-18.0,775.0,255.16,1033.0,70,254.15,256.15,NA,NA,1486405800
2017-02-06 22:00:00 MSK,-17.7,775.0,255.41,1033.0,70,254.15,256.15,NA,NA,1486407600
2017-02-06 22:30:00 MSK,-18.2,775.0,254.9,1033.0,70,254.15,256.15,NA,NA,1486409400
2017-02-06 23:00:00 MSK,-18.5,776.0,254.65,1034.0,70,254.15,256.15,NA,NA,1486411200
2017-02-06 23:30:00 MSK,-19.0,776.0,254.15,1034.0,76,253.15,255.15,NA,NA,1486413000
2017-02-07 00:00:00 MSK,-19.2,776.0,253.9,1034.0,70,253.15,254.15,NA,NA,1486414800
2017-02-07 00:30:00 MSK,-19.5,776.0,253.65,1034.0,76,252.15,254.15,NA,NA,1486416600
2017-02-07 01:00:00 MSK,-19.7,776.0,253.41,1035.0,76,252.15,254.15,NA,NA,1486418400
2017-02-07 01:30:00 MSK,-20.2,776.0,252.9,1035.0,76,251.15,254.15,NA,NA,1486420200
2017-02-07 02:00:00 MSK,-20.5,777.0,252.65,1036.0,76,251.15,253.15,NA,NA,1486422000
2017-02-07 02:00:00 MSK,-20.5,777.0,252.66,1036.0,76,251.15,253.15,NA,NA,1486422000
2017-02-07 02:30:00 MSK,-21.0,777.0,252.17,1036.0,83,251.15,253.15,NA,NA,1486423800
2017-02-07 03:00:00 MSK,-21.0,777.0,252.19,1036.0,76,251.15,253.15,NA,NA,1486425600
2017-02-07 03:00:00 MSK,-21.3,777.0,251.82,1036.0,76,251.15,252.15,NA,NA,1486425600
2017-02-07 03:30:00 MSK,-21.3,777.0,251.82,1036.0,76,251.15,252.15,NA,NA,1486427400
2017-02-07 04:00:00 MSK,-22.0,778.0,251.15,1037.0,76,251.15,251.15,NA,NA,1486429200
2017-02-07 04:30:00 MSK,-22.3,778.0,250.82,1037.0,83,250.15,251.15,NA,NA,1486431000
2017-02-07 05:00:00 MSK,-22.3,778.0,250.82,1037.0,83,250.15,251.15,NA,NA,1486432800
2017-02-07 05:30:00 MSK,-22.3,778.0,250.82,1037.0,76,250.15,251.15,NA,NA,1486434600
2017-02-07 06:00:00 MSK,-22.3,778.0,250.82,1037.0,76,250.15,251.15,NA,NA,1486436400
2017-02-07 06:30:00 MSK,-22.7,779.0,250.49,1038.0,83,249.15,251.15,NA,NA,1486438200
2017-02-07 06:30:00 MSK,-22.6,779.0,250.5,1038.0,83,249.15,251.15,NA,NA,1486438200
2017-02-07 07:00:00 MSK,-22.7,779.0,250.49,1038.0,83,249.15,251.15,NA,NA,1486440000
2017-02-07 07:30:00 MSK,-23.0,779.0,250.15,1038.0,83,249.15,251.15,NA,NA,1486441800
2017-02-07 08:00:00 MSK,-23.2,779.0,249.9,1038.0,83,249.15,250.15,NA,NA,1486443600
2017-02-07 08:30:00 MSK,-23.2,779.0,249.9,1038.0,83,249.15,250.15,NA,NA,1486445400
2017-02-07 09:00:00 MSK,-23.0,779.0,250.15,1038.0,83,249.15,251.15,NA,NA,1486447200
2017-02-07 09:30:00 MSK,-22.2,779.0,250.9,1039.0,76,250.15,251.15,NA,NA,1486449000
2017-02-07 10:00:00 MSK,-22.0,779.0,251.15,1039.0,76,250.15,252.15,NA,NA,1486450800
2017-02-07 10:30:00 MSK,-21.5,779.0,251.64,1039.0,76,251.15,252.15,NA,NA,1486452600
2017-02-07 11:00:00 MSK,-20.5,780.0,252.65,1040.0,70,252.15,253.15,NA,NA,1486454400
2017-02-07 11:30:00 MSK,-19.5,780.0,253.65,1040.0,70,253.15,254.15,NA,NA,1486456200
2017-02-07 12:00:00 MSK,-19.0,780.0,254.15,1040.0,70,254.15,254.15,NA,NA,1486458000
2017-02-07 12:30:00 MSK,-18.2,780.0,254.9,1040.0,70,254.15,256.15,NA,NA,1486459800
2017-02-07 13:00:00 MSK,-17.2,780.0,255.9,1040.0,64,255.15,257.15,NA,NA,1486461600
2017-02-07 13:30:00 MSK,-16.2,780.0,256.9,1040.0,64,256.15,258.15,NA,NA,1486463400
2017-02-07 14:00:00 MSK,-15.8,780.0,257.4,1040.0,64,256.15,259.15,NA,NA,1486465200
2017-02-07 14:30:00 MSK,-15.5,780.0,257.65,1040.0,59,257.15,259.15,NA,NA,1486467000
2017-02-07 15:00:00 MSK,-15.2,781.0,257.9,1041.0,59,257.15,259.15,NA,NA,1486468800
2017-02-07 15:30:00 MSK,-14.8,780.0,258.4,1040.0,59,257.15,260.15,NA,NA,1486470600
2017-02-07 16:00:00 MSK,-15.0,781.0,258.15,1041.0,59,257.15,259.15,NA,NA,1486472400
2017-02-07 16:30:00 MSK,-15.5,781.0,257.65,1041.0,64,256.15,258.15,NA,NA,1486474200
2017-02-07 17:00:00 MSK,-16.0,781.0,257.15,1041.0,64,256.15,258.15,NA,NA,1486476000
2017-02-07 17:30:00 MSK,-16.8,781.0,256.4,1041.0,64,255.15,257.15,NA,NA,1486477800
2017-02-07 18:00:00 MSK,-17.2,781.0,255.9,1041.0,70,254.15,257.15,NA,NA,1486479600
2017-02-07 18:30:00 MSK,-17.7,781.0,255.4,1041.0,70,254.15,256.15,NA,NA,1486481400
2017-02-07 19:00:00 MSK,-18.0,781.0,255.15,1041.0,70,254.15,256.15,NA,NA,1486483200
2017-02-07 19:30:00 MSK,-18.8,782.0,254.39,1042.0,70,253.15,255.15,NA,NA,1486485000
2017-02-07 20:00:00 MSK,-18.7,781.0,254.4,1041.0,70,253.15,255.15,NA,NA,1486486800
2017-02-07 20:30:00 MSK,-19.5,782.0,253.65,1042.0,76,253.15,254.15,NA,NA,1486488600
2017-02-07 21:00:00 MSK,-20.0,782.0,253.14,1042.0,76,251.15,254.15,NA,NA,1486490400
2017-02-07 21:30:00 MSK,-20.0,782.0,253.14,1042.0,70,252.15,254.15,NA,NA,1486492200
2017-02-07 22:00:00 MSK,-20.5,781.0,252.65,1041.0,70,252.15,253.15,NA,NA,1486494000
2017-02-07 22:30:00 MSK,-20.5,782.0,252.64,1042.0,70,251.15,253.15,NA,NA,1486495800
2017-02-07 23:00:00 MSK,-20.8,782.0,252.39,1042.0,76,251.15,253.15,NA,NA,1486497600
2017-02-07 23:30:00 MSK,-21.2,782.0,251.9,1042.0,76,251.15,253.15,NA,NA,1486499400
2017-02-07 23:30:00 MSK,-21.3,782.0,251.89,1042.0,76,251.15,253.15,NA,NA,1486499400
2017-02-08 00:00:00 MSK,-21.2,781.0,251.9,1041.0,76,250.15,253.15,NA,NA,1486501200
2017-02-08 00:30:00 MSK,-21.7,781.0,251.4,1041.0,76,250.15,252.15,NA,NA,1486503000
2017-02-08 01:00:00 MSK,-21.5,781.0,251.65,1041.0,76,251.15,252.15,NA,NA,1486504800
2017-02-08 01:30:00 MSK,-22.2,781.0,250.9,1041.0,83,250.15,252.15,NA,NA,1486506600
2017-02-08 01:30:00 MSK,-22.3,781.0,250.89,1041.0,83,250.15,252.15,NA,NA,1486506600
2017-02-08 02:00:00 MSK,-22.8,781.0,250.39,1041.0,76,248.15,252.15,NA,NA,1486508400
2017-02-08 02:00:00 MSK,-22.8,781.0,250.38,1041.0,76,248.15,252.15,NA,NA,1486508400
2017-02-08 02:30:00 MSK,-23.3,781.0,249.89,1041.0,76,248.15,251.15,NA,NA,1486510200
2017-02-08 03:00:00 MSK,-23.8,781.0,249.39,1041.0,83,248.15,251.15,NA,NA,1486512000
2017-02-08 03:30:00 MSK,-23.0,781.0,250.14,1041.0,76,248.15,252.15,NA,NA,1486513800
2017-02-08 04:00:00 MSK,-23.0,780.0,250.14,1040.0,76,248.15,252.15,NA,NA,1486515600
2017-02-08 04:30:00 MSK,-23.0,780.0,250.14,1040.0,83,249.15,251.15,NA,NA,1486517400
2017-02-08 05:00:00 MSK,-22.5,780.0,250.65,1040.0,83,249.15,251.15,NA,NA,1486519200
2017-02-08 05:30:00 MSK,-22.3,780.0,250.89,1040.0,83,249.15,252.15,NA,NA,1486521000
2017-02-08 06:00:00 MSK,-22.5,780.0,250.65,1040.0,76,249.15,251.15,NA,NA,1486522800
2017-02-08 06:30:00 MSK,-21.7,780.0,251.41,1040.0,83,250.15,253.15,NA,NA,1486524600
2017-02-08 07:00:00 MSK,-21.5,779.0,251.65,1039.0,83,250.15,252.15,NA,NA,1486526400
2017-02-08 08:00:00 MSK,-21.2,779.0,251.91,1039.0,83,249.15,253.15,NA,NA,1486530000
2017-02-08 08:30:00 MSK,-20.7,779.0,252.4,1039.0,76,250.15,253.15,NA,NA,1486531800
2017-02-08 09:00:00 MSK,-20.5,779.0,252.66,1039.0,76,250.15,254.15,NA,NA,1486533600
2017-02-08 09:30:00 MSK,-19.7,779.0,253.4,1039.0,77,251.15,254.15,NA,NA,1486535400
2017-02-08 10:00:00 MSK,-18.5,779.0,254.65,1039.0,77,253.15,256.15,NA,NA,1486537200
2017-02-08 10:30:00 MSK,-17.0,779.0,256.16,1039.0,77,255.15,257.15,NA,NA,1486539000
2017-02-08 11:00:00 MSK,-16.8,779.0,256.4,1039.0,70,255.15,257.15,NA,NA,1486540800
2017-02-08 11:30:00 MSK,-15.2,779.0,257.9,1039.0,71,257.15,258.15,NA,NA,1486542600
2017-02-08 12:00:00 MSK,-14.7,779.0,258.41,1039.0,71,257.15,259.15,NA,NA,1486544400
2017-02-08 12:30:00 MSK,-14.5,779.0,258.65,1039.0,71,258.15,259.15,NA,NA,1486546200
2017-02-08 13:00:00 MSK,-13.8,779.0,259.4,1039.0,71,259.15,260.15,NA,NA,1486548000
2017-02-08 13:00:00 MSK,-13.7,779.0,259.41,1039.0,71,259.15,260.15,NA,NA,1486548000
2017-02-08 13:30:00 MSK,-13.5,779.0,259.65,1039.0,77,259.15,260.15,NA,NA,1486549800
2017-02-08 14:00:00 MSK,-12.7,779.0,260.41,1039.0,71,260.15,261.15,NA,NA,1486551600
2017-02-08 14:30:00 MSK,-13.0,779.0,260.15,1039.0,78,260.15,260.15,NA,NA,1486553400
2017-02-08 15:00:00 MSK,-12.5,779.0,260.65,1039.0,78,260.15,261.15,NA,NA,1486555200
2017-02-08 15:30:00 MSK,-12.5,779.0,260.65,1039.0,78,260.15,261.15,NA,NA,1486557000
2017-02-08 16:00:00 MSK,-12.2,779.0,260.9,1039.0,84,260.15,261.15,NA,NA,1486558800
2017-02-08 16:30:00 MSK,-12.0,779.0,261.15,1039.0,78,261.15,261.15,NA,NA,1486560600
2017-02-08 17:00:00 MSK,-12.2,779.0,260.9,1039.0,84,260.15,261.15,NA,NA,1486562400
2017-02-08 17:30:00 MSK,-12.2,779.0,260.9,1039.0,78,260.15,261.15,NA,NA,1486564200
2017-02-08 18:00:00 MSK,-12.2,780.0,260.9,1040.0,78,260.15,261.15,NA,NA,1486566000
2017-02-08 18:30:00 MSK,-12.5,779.0,260.65,1039.0,84,259.15,261.15,NA,NA,1486567800
2017-02-08 18:30:00 MSK,-12.5,779.0,260.66,1039.0,84,259.15,261.15,NA,NA,1486567800
2017-02-08 19:00:00 MSK,-12.5,779.0,260.65,1039.0,84,259.15,261.15,NA,NA,1486569600
2017-02-08 19:30:00 MSK,-12.5,779.0,260.65,1039.0,78,260.15,261.15,NA,NA,1486571400
2017-02-08 20:00:00 MSK,-12.5,779.0,260.65,1039.0,78,260.15,261.15,NA,NA,1486573200
2017-02-08 20:30:00 MSK,-13.0,779.0,260.16,1039.0,84,259.15,261.15,NA,NA,1486575000
2017-02-08 21:00:00 MSK,-12.7,779.0,260.41,1039.0,84,259.15,261.15,NA,NA,1486576800
2017-02-08 21:30:00 MSK,-12.7,779.0,260.41,1039.0,84,259.15,261.15,NA,NA,1486578600
2017-02-08 22:00:00 MSK,-12.5,779.0,260.65,1039.0,84,260.15,261.15,NA,NA,1486580400
2017-02-08 22:30:00 MSK,-12.5,779.0,260.65,1039.0,84,260.15,261.15,NA,NA,1486582200
2017-02-08 23:00:00 MSK,-12.5,779.0,260.65,1039.0,84,260.15,261.15,NA,NA,1486584000
2017-02-08 23:30:00 MSK,-12.5,779.0,260.65,1039.0,92,260.15,261.15,NA,NA,1486585800
2017-02-09 00:00:00 MSK,-12.5,779.0,260.65,1039.0,92,260.15,261.15,NA,NA,1486587600
2017-02-09 00:30:00 MSK,-12.2,779.0,260.9,1038.0,85,260.15,261.15,NA,NA,1486589400
2017-02-09 01:00:00 MSK,-12.0,779.0,261.16,1038.0,92,260.15,262.15,NA,NA,1486591200
2017-02-09 01:30:00 MSK,-12.0,779.0,261.16,1039.0,92,260.15,262.15,NA,NA,1486593000
2017-02-09 02:00:00 MSK,-12.0,779.0,261.16,1039.0,92,260.15,262.15,NA,NA,1486594800
2017-02-09 02:30:00 MSK,-12.0,779.0,261.16,1039.0,92,260.15,262.15,NA,NA,1486596600
2017-02-09 03:30:00 MSK,-12.0,779.0,261.16,1039.0,85,260.15,262.15,NA,NA,1486600200
2017-02-09 04:00:00 MSK,-12.0,779.0,261.16,1039.0,92,260.15,262.15,NA,NA,1486602000
2017-02-09 04:30:00 MSK,-12.0,779.0,261.16,1039.0,92,260.15,262.15,NA,NA,1486603800
2017-02-09 05:00:00 MSK,-12.0,779.0,261.12,1038.0,92,260.15,262.15,NA,NA,1486605600
2017-02-09 05:00:00 MSK,-12.0,779.0,261.16,1038.0,92,260.15,262.15,NA,NA,1486605600
2017-02-09 05:30:00 MSK,-12.0,779.0,261.16,1038.0,92,260.15,262.15,NA,NA,1486607400
2017-02-09 06:00:00 MSK,-12.0,779.0,261.16,1038.0,92,260.15,262.15,NA,NA,1486609200
2017-02-09 06:30:00 MSK,-12.0,779.0,261.16,1038.0,92,260.15,262.15,NA,NA,1486611000
2017-02-09 07:00:00 MSK,-12.0,779.0,261.16,1038.0,92,260.15,262.15,NA,NA,1486612800
2017-02-09 07:30:00 MSK,-12.0,779.0,261.16,1038.0,92,260.15,262.15,NA,NA,1486614600
2017-02-09 08:30:00 MSK,-11.5,779.0,261.65,1038.0,92,261.15,262.15,NA,NA,1486618200
2017-02-09 10:00:00 MSK,-10.5,779.0,262.65,1038.0,92,262.15,263.15,NA,NA,1486623600
2017-02-09 10:14:36 MSK,-13.5,774.0,259.672,1032.17,84,259.672,259.672,1054.54,1032.17,1486624476
2017-02-09 10:30:00 MSK,-9.8,779.0,263.4,1038.0,92,262.15,264.15,NA,NA,1486625400
2017-02-09 11:00:00 MSK,-9.5,779.0,263.65,1038.0,92,263.15,264.15,NA,NA,1486627200
2017-02-09 11:30:00 MSK,-8.8,779.0,264.4,1038.0,92,263.15,265.15,NA,NA,1486629000
2017-02-09 12:00:00 MSK,-8.5,779.0,264.65,1038.0,92,263.15,266.15,NA,NA,1486630800
2017-02-09 12:30:00 MSK,-8.0,779.0,265.15,1038.0,92,264.15,266.15,NA,NA,1486632600
2017-02-09 13:00:00 MSK,-7.5,778.0,265.65,1037.0,85,264.15,267.15,NA,NA,1486634400
2017-02-09 13:30:00 MSK,-7.0,779.0,266.15,1038.0,92,265.15,267.15,NA,NA,1486636200
2017-02-09 14:00:00 MSK,-6.5,778.0,266.65,1037.0,85,265.15,268.15,NA,NA,1486638000
2017-02-09 14:30:00 MSK,-6.0,778.0,267.15,1037.0,85,266.15,268.15,NA,NA,1486639800
2017-02-09 15:00:00 MSK,-5.8,778.0,267.4,1037.0,85,266.15,268.15,NA,NA,1486641600
2017-02-09 15:30:00 MSK,-5.8,778.0,267.4,1037.0,85,266.15,268.15,NA,NA,1486643400
2017-02-09 16:00:00 MSK,-5.5,778.0,267.65,1037.0,85,267.15,268.15,NA,NA,1486645200
2017-02-09 16:30:00 MSK,-5.5,778.0,267.65,1037.0,85,267.15,268.15,NA,NA,1486647000
2017-02-09 17:00:00 MSK,-5.2,778.0,267.9,1037.0,85,267.15,268.15,NA,NA,1486648800
2017-02-09 17:30:00 MSK,-5.2,778.0,267.9,1037.0,85,267.15,268.15,NA,NA,1486650600
